City,Date,Road,Cycle,Ratio,Total,Cycleway,NoVehicle1,NoVehicle2,Designated,Lane,LeftLane,RightLane
London,2021-01-01T00:00:00Z,30475614.15,2221040.056,0.07287925505,30475614.15,1190832.448,203871.307,27421.82,172878.033,151769.278,285219.618,189047.552
Cambridge,2021-01-01T00:00:00Z,1031113.416,161973.462,0.1570859805,1031113.416,111159.761,4196.058,586.724,2835.541,17118.825,14154.571,11921.982
Leicester,2021-01-01T00:00:00Z,1608827.287,166357.168,0.1034027514,1608827.287,91650.928,6581.617,0,36593.498,18367.412,8210.439,4953.274
Liverpool,2021-01-01T00:00:00Z,2520600.992,97958.968,0.03886333787,2520600.992,55843.649,3017.958,0,541.921,25002.796,10997.186,2555.458
Cardiff,2021-01-01T00:00:00Z,2499988.728,158518.528,0.06340769709,2499988.728,101485.611,9598.631,0,18845.684,18154.089,8310.951,2123.562
Birmingham,2021-01-01T00:00:00Z,5146319.937,258715.349,0.05027191317,5146319.937,167925.248,9085.451,1740.872,48701.85,14674.191,13456.542,3131.195
London,2020-11-01T00:00:00Z,30178935.79,2193430.183,0.0726808327,30178935.79,1185580.581,201612.987,27378.892,172679.79,147923.119,276031.684,182223.13
Cambridge,2020-11-01T00:00:00Z,1024415.278,162782.447,0.1589027912,1024415.278,111302.309,4173.31,586.724,2832.727,17888.085,14075.57,11923.722
Leicester,2020-11-01T00:00:00Z,1596373.538,166188.733,0.1041039137,1596373.538,90964.688,6583.06,0,37104.17,18368.698,8214.843,4953.274
Liverpool,2020-11-01T00:00:00Z,2488695.061,97784.426,0.03929144536,2488695.061,55644.672,2905.916,0,541.921,25004.813,11128.11,2558.994
Cardiff,2020-11-01T00:00:00Z,2477022.588,158940.402,0.0641659074,2477022.588,102283.967,9598.631,0,18675.212,18090.989,8164.726,2126.877
Birmingham,2020-11-01T00:00:00Z,5101589.285,245200.913,0.04806363259,5101589.285,155487.759,7809.893,1605.503,51855.95,13818.646,12302.565,2320.597
London,2020-09-01T00:00:00Z,29671499.37,2177513.104,0.07338736329,29671499.37,1182141.8,193690.335,27329.587,200991.099,144335.931,255977.76,173046.592
Cambridge,2020-09-01T00:00:00Z,1015669.456,162459.823,0.1599534396,1015669.456,111034.579,4099.275,586.724,2832.727,17882.242,14156.247,11868.029
Leicester,2020-09-01T00:00:00Z,1576494.943,166143.853,0.1053881294,1576494.943,91067.646,6355.294,0,37258.068,18297.081,8212.49,4953.274
Liverpool,2020-09-01T00:00:00Z,2440797.537,93267.358,0.03821183715,2440797.537,54975.027,2714.624,0,486.058,19973.371,12128.573,2989.705
Cardiff,2020-09-01T00:00:00Z,2420173.19,156407.824,0.06462670715,2420173.19,100810.929,8177.136,0,18675.59,18258.014,8360.543,2125.612
Birmingham,2020-09-01T00:00:00Z,5037137.519,240521.967,0.04774973208,5037137.519,154521.547,6057.172,826.053,50726.761,15391.778,10750.258,2248.398
London,2020-07-01T00:00:00Z,29266135.16,2150352.412,0.07347579037,29266135.16,1171147.493,186655.778,27354.867,206535.565,143706.606,247831.55,167120.553
Cambridge,2020-07-01T00:00:00Z,1009773.389,161791.24,0.1602252959,1009773.389,109888.307,4014.313,586.724,2832.727,20671.646,12043.555,11753.968
Leicester,2020-07-01T00:00:00Z,1566779.133,166460.872,0.1062439935,1566779.133,90695.934,6240.828,0,37714.959,18302.377,8380.947,5125.827
Liverpool,2020-07-01T00:00:00Z,2429675.716,87098.432,0.03584776002,2429675.716,54668.018,2575.955,0,233.417,19859.201,7140.912,2620.929
Cardiff,2020-07-01T00:00:00Z,2407192.386,156725.735,0.06510727431,2407192.386,102489.007,6923.417,0,18522.132,18305.024,8360.543,2125.612
Birmingham,2020-07-01T00:00:00Z,5019540.823,239588.643,0.04773118726,5019540.823,154044.927,6001.717,826.053,50357.256,15391.777,10718.515,2248.398
London,2020-05-01T00:00:00Z,29011732.23,2102852.012,0.07248281472,29011732.23,1134431.9,185077.538,27354.867,208041.328,141554.105,241733.739,164658.535
Cambridge,2020-05-01T00:00:00Z,1002765.221,163833.782,0.1633819947,1002765.221,109511.06,4014.313,586.724,2832.727,21609.996,12668.97,12609.992
Leicester,2020-05-01T00:00:00Z,1559613.889,162943.998,0.1044771396,1559613.889,83344.558,6251.971,0,41555.064,18302.768,8381.029,5108.608
Liverpool,2020-05-01T00:00:00Z,2422389.404,85125.309,0.03514105076,2422389.404,52642.999,2582.623,44.978,233.417,19859.201,7141.162,2620.929
Cardiff,2020-05-01T00:00:00Z,2361203.153,157701.377,0.06678856785,2361203.153,103692.166,7508.285,0,17752.637,18333.268,8289.415,2125.606
Birmingham,2020-05-01T00:00:00Z,5013045.923,239584.533,0.04779220791,5013045.923,154045.621,6001.717,826.053,50357.256,15391.777,10713.711,2248.398
London,2020-03-01T00:00:00Z,28842721.11,2091194.296,0.07250336362,28842721.11,1129981.556,183802.51,27355.312,210035.159,141258.235,237209.882,161551.642
Cambridge,2020-03-01T00:00:00Z,998659.272,161733.504,0.1619506358,998659.272,107873.471,3771.376,535.632,2832.727,21441.338,12668.969,12609.991
Leicester,2020-03-01T00:00:00Z,1556172.787,162710.612,0.1045581913,1556172.787,83067.872,6243.375,0,41606.666,18303.062,8381.029,5108.608
Liverpool,2020-03-01T00:00:00Z,2415390.509,85307.991,0.03531850882,2415390.509,52825.681,2582.623,44.978,233.417,19859.201,7141.162,2620.929
Cardiff,2020-03-01T00:00:00Z,2296146.699,156674.727,0.06823376184,2296146.699,103785.321,7765.559,0,16890.266,17894.389,8182.975,2156.217
Birmingham,2020-03-01T00:00:00Z,5002226.761,239549.726,0.0478886179,5002226.761,154010.816,6001.717,826.053,50357.252,15391.779,10713.711,2248.398
London,2020-01-01T00:00:00Z,28572026.81,2081894.255,0.07286477326,28572026.81,1116320.447,192004.001,27104.413,209101.106,141043.949,235241.038,161079.301
Cambridge,2020-01-01T00:00:00Z,995390.631,158245.862,0.1589786533,995390.631,103790.488,4064.972,535.632,2268.383,22268.591,12707.806,12609.99
Leicester,2020-01-01T00:00:00Z,1552411.299,162652.925,0.1047743759,1552411.299,83042.36,6222.329,0,41594.452,18304.447,8379.944,5109.393
Liverpool,2020-01-01T00:00:00Z,2405136.364,80552.805,0.03349199081,2405136.364,48672.75,2524.039,44.978,233.417,19589.975,6901.743,2585.903
Cardiff,2020-01-01T00:00:00Z,2280120.495,156938.319,0.06882895853,2280120.495,104049.204,7765.573,0,16890.556,17893.796,8182.974,2156.216
Birmingham,2020-01-01T00:00:00Z,4983948.563,248856.259,0.04993154641,4983948.563,163811.837,5820.881,826.142,50060.431,15374.859,10713.711,2248.398
London,2019-11-01T00:00:00Z,28414204.74,2134016.127,0.07510384847,28414204.74,1091490.295,272882.849,27254.697,210929.447,168466.011,210882.575,152110.253
Cambridge,2019-11-01T00:00:00Z,992648.385,162736.611,0.1639418484,992648.385,108730.768,3375.813,783.571,2268.383,22266.476,12701.611,12609.989
Leicester,2019-11-01T00:00:00Z,1551019.951,162663.212,0.1048749965,1551019.951,83042.36,6230.412,0,41596.657,18304.446,8379.944,5109.393
Liverpool,2019-11-01T00:00:00Z,2396343.982,80440.031,0.03356781481,2396343.982,48579.599,2643.224,44.978,233.417,19451.167,6901.743,2585.903
Cardiff,2019-11-01T00:00:00Z,2262578.167,156714.183,0.06926354425,2262578.167,103834.149,7765.573,0,16881.291,17893.98,8182.974,2156.216
Birmingham,2019-11-01T00:00:00Z,4970798.367,243661.805,0.0490186459,4970798.367,163801.076,5839.19,775.369,48797.768,15374.859,6922.888,2150.655
London,2019-09-01T00:00:00Z,28121615.75,2119110.732,0.07535522677,28121615.75,1082529.193,274758.086,27303.193,213773.929,170610.239,201930.259,148205.833
Cambridge,2019-09-01T00:00:00Z,989069.988,161751.564,0.1635390478,989069.988,108043.956,3366.196,535.632,2268.383,22261.453,12664.902,12611.042
Leicester,2019-09-01T00:00:00Z,1539048.91,162127.778,0.1053428367,1539048.91,82447.283,6100.639,0,41786.654,18304.431,8379.378,5109.393
Liverpool,2019-09-01T00:00:00Z,2354099.636,80494.302,0.03419324347,2354099.636,48691.767,2581.449,44.978,233.417,19455.045,6901.743,2585.903
Cardiff,2019-09-01T00:00:00Z,2242539.62,155639.76,0.06940334905,2242539.62,102778.41,7764.097,0,16865.742,17892.538,8182.757,2156.216
Birmingham,2019-09-01T00:00:00Z,4946174.146,242649.183,0.04905795385,4946174.146,163713.211,5839.19,775.369,47873.012,15374.858,6922.888,2150.655
London,2019-07-01T00:00:00Z,27788662.06,2087453.352,0.07511888654,27788662.06,1065525.017,274891.349,27281.488,218196.314,172653.214,187512.992,141392.978
Cambridge,2019-07-01T00:00:00Z,986131.971,160522.903,0.1627803456,986131.971,107546.148,3298.79,535.632,2268.386,21598.005,12664.901,12611.041
Leicester,2019-07-01T00:00:00Z,1531235.866,161842.861,0.1056942726,1531235.866,82385.474,6075.515,0,41786.653,18304.412,8379.378,4911.429
Liverpool,2019-07-01T00:00:00Z,2348360.499,80098.597,0.03410830536,2348360.499,48412.334,2535.944,44.978,233.417,19455.048,6901.743,2515.133
Cardiff,2019-07-01T00:00:00Z,2230334.547,153450.123,0.06880139269,2230334.547,101078.009,7703.997,0,16865.742,17892.538,8182.757,1727.08
Birmingham,2019-07-01T00:00:00Z,4925471.932,239845.103,0.04869484718,4925471.932,164220.093,5839.19,775.369,44562.051,15374.858,6922.887,2150.655
London,2019-05-01T00:00:00Z,27600116.31,2036116.013,0.07377200843,27600116.31,1059399.461,248353.054,27267.838,208402.983,175524.201,180489.275,136679.201
Cambridge,2019-05-01T00:00:00Z,979606.555,160808.107,0.1641558095,979606.555,108203.69,2874.691,535.632,2320.147,21598.005,12664.901,12611.041
Leicester,2019-05-01T00:00:00Z,1518557.053,161230.709,0.1061736263,1518557.053,82057.8,6079.033,0,41491.687,18321.808,8368.952,4911.429
Liverpool,2019-05-01T00:00:00Z,2328188.556,80467.95,0.03456247124,2328188.556,48781.421,2535.944,44.978,233.417,19455.048,6901.876,2515.266
Cardiff,2019-05-01T00:00:00Z,2210257.689,149457.57,0.06761997515,2210257.689,100922.349,7756.717,0,12327.578,18576.231,8147.615,1727.08
Birmingham,2019-05-01T00:00:00Z,4886748.6,240442.359,0.04920293199,4886748.6,161570.607,5796.425,775.369,47570.822,15374.057,7256.181,2098.898
London,2019-03-01T00:00:00Z,27306651.17,1851057.323,0.06778778223,27306651.17,1062335.953,157602.914,26791.732,69760.712,204690.583,183935.434,145939.995
Cambridge,2019-03-01T00:00:00Z,976225.997,160609.831,0.1645211575,976225.997,108263.662,2820.827,535.632,2320.147,21597.337,12461.512,12610.714
Leicester,2019-03-01T00:00:00Z,1515670.112,160194.091,0.1056919245,1515670.112,81021.182,6079.033,0,41491.687,18321.808,8368.952,4911.429
Liverpool,2019-03-01T00:00:00Z,2312152.239,80568.626,0.03484572713,2312152.239,48882.039,2536.001,44.978,233.417,19455.049,6901.876,2515.266
Cardiff,2019-03-01T00:00:00Z,2195864.327,146379.032,0.06666123685,2195864.327,98000.109,7762.472,0,12323.538,18774.803,7791.03,1727.08
Birmingham,2019-03-01T00:00:00Z,4861354.437,236123.866,0.04857162115,4861354.437,157230.026,5726.018,775.369,47621.94,15374.057,7297.558,2098.898
London,2019-01-01T00:00:00Z,27075972.7,1831562.959,0.06764532448,27075972.7,1041262.952,157573.001,26820.803,68138.867,205042.759,184508.458,148216.119
Cambridge,2019-01-01T00:00:00Z,973122.806,159916.048,0.164332854,973122.806,107581.122,2820.827,535.631,2308.913,21597.329,12461.512,12610.714
Leicester,2019-01-01T00:00:00Z,1512557.373,157594.99,0.1041910825,1512557.373,80395.104,6087.345,0,41483.242,18154.544,7020.722,4454.033
Liverpool,2019-01-01T00:00:00Z,2281389.287,80563.024,0.03531314207,2281389.287,48876.439,2535.999,44.978,233.417,19455.049,6901.876,2515.266
Cardiff,2019-01-01T00:00:00Z,2164989.986,143522.619,0.0662925094,2164989.986,97690.203,7761.738,0,12379.329,18774.411,5767.521,1149.417
Birmingham,2019-01-01T00:00:00Z,4777001.45,235771.674,0.04935557932,4777001.45,158129.061,5647.126,775.366,46483.734,15270.264,7367.225,2098.898
London,2018-11-01T00:00:00Z,26916772.08,1793135.241,0.06661776665,26916772.08,1008426.499,157349.132,24778.912,72349.143,204131.988,180690.893,145408.674
Cambridge,2018-11-01T00:00:00Z,967774.309,160189.385,0.165523494,967774.309,107795.946,2820.827,535.631,2151.737,21596.183,12935.035,12354.026
Leicester,2018-11-01T00:00:00Z,1510332.133,157049.242,0.1039832488,1510332.133,80395.13,6045.282,0,41478.26,18155.518,6571.819,4403.233
Liverpool,2018-11-01T00:00:00Z,2278205.564,80471.873,0.03532248111,2278205.564,48876.439,2440.37,44.978,233.111,19455.049,6906.66,2515.266
Cardiff,2018-11-01T00:00:00Z,2152377.362,143021.51,0.06644815752,2152377.362,97168.866,7781.958,0,12379.329,18774.419,5767.521,1149.417
Birmingham,2018-11-01T00:00:00Z,4715058.852,229943.669,0.0487679319,4715058.852,162556.91,5580.807,799.166,37298.177,15896.88,5712.831,2098.898
London,2018-09-01T00:00:00Z,26791137.13,1764656.724,0.06586718271,26791137.13,980498.795,152677.666,24833.042,74783.109,210507.329,177479.234,143877.549
Cambridge,2018-09-01T00:00:00Z,965201.524,159006.72,0.1647394001,965201.524,106612.844,2806.531,535.631,2166.481,21596.172,12935.035,12354.026
Leicester,2018-09-01T00:00:00Z,1510114.739,157048.2,0.1039975281,1510114.739,80394.088,6045.282,0,41478.26,18155.518,6571.819,4403.233
Liverpool,2018-09-01T00:00:00Z,2280998.268,80461.822,0.03527482819,2280998.268,48876.439,2430.327,44.978,233.111,19455.041,6906.66,2515.266
Cardiff,2018-09-01T00:00:00Z,2152088.84,142921.52,0.06641060413,2152088.84,97120.573,7718.612,0,12488.017,18665.74,5779.176,1149.402
Birmingham,2018-09-01T00:00:00Z,4711652.372,228749.09,0.04854965348,4711652.372,161005.186,5434.992,799.166,37649.896,16047.857,5713.094,2098.899
London,2018-07-01T00:00:00Z,26634554.07,1683771.47,0.06321755813,26634554.07,907462.844,154995.888,24381.026,75031.989,209771.779,171679.242,140448.702
Cambridge,2018-07-01T00:00:00Z,963896.327,158410.266,0.1643436764,963896.327,106571.747,2806.531,535.631,2166.481,21596.295,12657.295,12076.286
Leicester,2018-07-01T00:00:00Z,1509210.961,157048.2,0.1040598061,1509210.961,80394.088,6045.282,0,41478.26,18155.518,6571.819,4403.233
Liverpool,2018-07-01T00:00:00Z,2267779.935,80911.815,0.03567886537,2267779.935,48875.498,2430.327,44.978,233.111,19455.041,7357.594,2515.266
Cardiff,2018-07-01T00:00:00Z,2143283.185,144264.751,0.06731016788,2143283.185,99538.938,6643.461,0,12488.017,18665.757,5779.176,1149.402
Birmingham,2018-07-01T00:00:00Z,4706281.035,228784.048,0.04861249175,4706281.035,161138.05,5307.493,799.166,37578.585,16195.183,5713.094,2052.477
London,2018-05-01T00:00:00Z,26528021.25,1603440.964,0.0604432931,26528021.25,830309.723,152099.253,24511.492,78378.714,219273.333,162205.832,136662.617
Cambridge,2018-05-01T00:00:00Z,955801.823,158078.34,0.1653881968,955801.823,106471.632,2689.817,535.631,2121.431,21526.248,12657.295,12076.286
Leicester,2018-05-01T00:00:00Z,1506931.471,157037.543,0.1042101423,1506931.471,80366.567,6047.745,0,41492.662,18155.517,6571.819,4403.233
Liverpool,2018-05-01T00:00:00Z,2264099.894,80917.346,0.03573930029,2264099.894,48881.029,2430.327,44.978,233.111,19455.041,7357.594,2515.266
Cardiff,2018-05-01T00:00:00Z,2140720.036,143926.503,0.06723275374,2140720.036,99201.691,6643.461,0,12488.017,18663.428,5780.315,1149.591
Birmingham,2018-05-01T00:00:00Z,4696996.216,228766.365,0.04870482208,4696996.216,162608.414,5104.108,799.166,36293.923,16195.183,5713.094,2052.477
London,2018-03-01T00:00:00Z,26417975.19,1560486.695,0.05906912562,26417975.19,787079.921,154681.216,24597.489,83537.226,229014.467,152083.485,129492.891
Cambridge,2018-03-01T00:00:00Z,951585.056,157276.786,0.1652787473,951585.056,103840.168,2591.762,535.631,2099.89,21447.782,13875.845,12885.708
Leicester,2018-03-01T00:00:00Z,1506934.603,157034.729,0.1042080583,1506934.603,80370.13,6047.745,0,41491.727,18149.691,6572.011,4403.425
Liverpool,2018-03-01T00:00:00Z,2259852.713,80871.234,0.03578606408,2259852.713,48879.895,2430.327,0,233.111,19455.041,7357.594,2515.266
Cardiff,2018-03-01T00:00:00Z,2139812.699,144889.544,0.06771132075,2139812.699,99044.429,6662.294,0,12488.017,19996.036,5649.702,1049.066
Birmingham,2018-03-01T00:00:00Z,4680681.496,226121.275,0.04830947698,4680681.496,176821.548,5104.108,750.784,18871.891,16194.934,6325.748,2052.262
London,2018-01-01T00:00:00Z,26300563.73,1532014.582,0.05825025644,26300563.73,762339.951,149886.27,24401.428,88267.206,237433.747,143957.737,125728.243
Cambridge,2018-01-01T00:00:00Z,950910.612,155687.562,0.1637247077,950910.612,103763.479,1412.046,535.631,2099.89,21780.61,13543.028,12552.878
Leicester,2018-01-01T00:00:00Z,1503542.444,156765.564,0.1042641427,1503542.444,80103.172,6047.745,0,41489.556,18149.655,6572.011,4403.425
Liverpool,2018-01-01T00:00:00Z,2242898.981,64521.575,0.02876704459,2242898.981,39026.189,2083.473,0,313.932,18620.08,3770.195,707.706
Cardiff,2018-01-01T00:00:00Z,2139596.85,144915.491,0.06773027872,2139596.85,99083.628,6648.69,0,12488.017,19996.388,5649.702,1049.066
Birmingham,2018-01-01T00:00:00Z,4676317.911,225124.492,0.0481414002,4676317.911,176793.464,5236.415,750.784,18586.104,16194.783,5510.68,2052.262
London,2017-11-01T00:00:00Z,26172069.11,1494423.92,0.05709995316,26172069.11,741708.863,147493.367,24401.46,91775.931,239322.708,132126.846,117594.745
Cambridge,2017-11-01T00:00:00Z,949438.461,155544.617,0.1638280135,949438.461,103562.846,1412.046,535.631,2099.89,21838.242,13543.056,12552.906
Leicester,2017-11-01T00:00:00Z,1501567.648,156770.031,0.1044042413,1501567.648,80076.031,6047.745,0,41522.132,18148.687,6572.011,4403.425
Liverpool,2017-11-01T00:00:00Z,2239852.763,62839.153,0.02805503738,2239852.763,38609.891,2083.473,0,313.932,20008.013,1610.451,213.393
Cardiff,2017-11-01T00:00:00Z,2135148.582,144662.618,0.06775295135,2135148.582,98938.461,6541.053,0,12488.017,19996.292,5649.743,1049.052
Birmingham,2017-11-01T00:00:00Z,4672490.455,224507.986,0.04804889131,4672490.455,177153.034,5236.414,750.784,17788.423,16106.467,5510.68,1962.184
London,2017-09-01T00:00:00Z,25991880.89,1464213.267,0.05633348634,25991880.89,730269.783,139175.636,24359.723,92576.294,247060.372,119664.436,111107.023
Cambridge,2017-09-01T00:00:00Z,947515.914,153594.145,0.1621019159,947515.914,101589.536,1386.233,535.631,2099.89,21835.311,13568.847,12578.697
Leicester,2017-09-01T00:00:00Z,1476558.424,155487.386,0.1053039172,1476558.424,77123.9,5802.869,0,43691.338,18148.762,6443.61,4276.907
Liverpool,2017-09-01T00:00:00Z,2238159.938,62839.153,0.02807625672,2238159.938,38609.891,2083.473,0,313.932,20008.013,1610.451,213.393
Cardiff,2017-09-01T00:00:00Z,2128606.544,142546.777,0.06696717973,2128606.544,96898.298,6541.053,0,11672.653,20735.978,5649.743,1049.052
Birmingham,2017-09-01T00:00:00Z,4653885.778,223742.699,0.04807653425,4653885.778,177194.076,4571.992,932.257,17461.311,16106.467,5514.412,1962.184
London,2017-07-01T00:00:00Z,25922190.31,1438397.072,0.05548902522,25922190.31,693450.797,137795.041,24047.793,101813.642,266718.049,107928.05,106643.7
Cambridge,2017-07-01T00:00:00Z,942894.967,152803.442,0.1620577555,942894.967,100798.833,1386.233,535.631,2099.89,21835.311,13568.847,12578.697
Leicester,2017-07-01T00:00:00Z,1468457.292,155043.888,0.1055828377,1468457.292,76713.803,5445.564,0,43982.276,18181.728,6443.61,4276.907
Liverpool,2017-07-01T00:00:00Z,2226323.899,62745.697,0.02818354375,2226323.899,38560.418,2039.491,0,313.932,20008.012,1610.451,213.393
Cardiff,2017-07-01T00:00:00Z,2121646.642,142859.839,0.06733441666,2121646.642,96284.14,6541.053,0,11672.659,21663.192,5649.743,1049.052
Birmingham,2017-07-01T00:00:00Z,4642897.462,222738.036,0.0479739296,4642897.462,174118.107,4155.267,932.653,19954.938,16103.072,5513.905,1960.094
London,2017-05-01T00:00:00Z,25852134.75,1412576.744,0.05464062283,25852134.75,655626.31,138607.815,24047.791,106762.434,298102.945,97241.148,92188.301
Cambridge,2017-05-01T00:00:00Z,932824.152,153932.543,0.1650177503,932824.152,102016.71,1386.233,535.631,2099.89,21777.143,13538.238,12578.698
Leicester,2017-05-01T00:00:00Z,1445220.562,147122.073,0.101799045,1445220.562,71005.847,4446.597,0,46287.567,16934.68,5384.793,3062.589
Liverpool,2017-05-01T00:00:00Z,2216818.249,54822.268,0.0247301591,2216818.249,30832.087,2039.491,0,313.932,20262.361,1320.627,53.77
Cardiff,2017-05-01T00:00:00Z,2119907.127,141057.047,0.06653925788,2119907.127,94848.582,6173.817,0,11672.659,21663.192,5649.745,1049.052
Birmingham,2017-05-01T00:00:00Z,4628328.221,222325.073,0.04803571881,4628328.221,174148.991,4601.868,486.57,18145.137,17470.368,5512.04,1960.099
London,2017-03-01T00:00:00Z,25762675.97,1379269.563,0.05353751157,25762675.97,650698.859,112259.442,24047.551,107937.41,298722.02,97106.406,88497.875
Cambridge,2017-03-01T00:00:00Z,932391.306,154259.946,0.1654455002,932391.306,101541.071,2161.515,535.631,2099.887,21804.906,13538.238,12578.698
Leicester,2017-03-01T00:00:00Z,1429164.219,137264.563,0.09604533977,1429164.219,69006.682,3881.662,0,43612.34,15173.319,3243.966,2346.594
Liverpool,2017-03-01T00:00:00Z,2199581.665,47839.818,0.02174950754,2199581.665,24185.624,2135.77,0,313.932,20623.33,527.392,53.77
Cardiff,2017-03-01T00:00:00Z,2127729.17,139164.613,0.06540522871,2127729.17,94334.847,4862.512,0,11616.868,21651.589,5649.745,1049.052
Birmingham,2017-03-01T00:00:00Z,4623829.862,213857.322,0.04625112264,4623829.862,176238.559,4586.27,486.57,13941.366,14982.856,2646.158,975.543
London,2017-01-01T00:00:00Z,25645459.43,1362365.603,0.0531230726,25645459.43,638132.456,106300.374,24005.275,107952.977,300128.97,97296.621,88548.93
Cambridge,2017-01-01T00:00:00Z,928338.501,154274.861,0.1661838444,928338.501,101543.898,2161.51,547.729,2099.887,21804.903,13538.237,12578.697
Leicester,2017-01-01T00:00:00Z,1420497.064,135572.39,0.09544010575,1420497.064,69950.716,3942.833,0,40909.935,15170.984,3247.942,2349.98
Liverpool,2017-01-01T00:00:00Z,2191236.473,47398.971,0.02163115281,2191236.473,23718.412,1755.663,0,314.71,21162.389,394.027,53.77
Cardiff,2017-01-01T00:00:00Z,2118355.945,138982.152,0.0656084981,2118355.945,94212.468,4802.43,0,11616.868,21651.589,5649.745,1049.052
Birmingham,2017-01-01T00:00:00Z,4612866.317,212756.934,0.04612250158,4612866.317,176124,4327.115,486.57,13212.869,14984.679,2646.158,975.543
London,2016-11-01T00:00:00Z,25578696.28,1342082.059,0.05246874369,25578696.28,616695.943,107593.594,24005.275,108381.377,300371.12,96848.787,88185.963
Cambridge,2016-11-01T00:00:00Z,924274.17,153857.091,0.1664626103,924274.17,101278.987,2008.655,547.729,2099.887,21804.901,13538.236,12578.696
Leicester,2016-11-01T00:00:00Z,1396187.964,133765.671,0.09580778122,1396187.964,69651.174,3799.623,0,39544.502,15172.7,3247.692,2349.98
Liverpool,2016-11-01T00:00:00Z,2180947.67,46905.206,0.0215068003,2180947.67,24792.745,552.023,0,342.131,21218.307,0,0
Cardiff,2016-11-01T00:00:00Z,2117186.412,137265.367,0.0648338598,2117186.412,92579.479,4673.739,0,11217.67,22095.682,5649.745,1049.052
Birmingham,2016-11-01T00:00:00Z,4605868.37,207378.037,0.04502474242,4605868.37,172853.588,4070.076,486.57,12718.131,13620.76,2653.369,975.543
London,2016-09-01T00:00:00Z,25526032.23,1326074.167,0.05194987434,25526032.23,608736.061,101280.617,24005.275,108713.551,299733.767,96704.134,86900.762
Cambridge,2016-09-01T00:00:00Z,922814.43,152378.744,0.1651239285,922814.43,100190.996,1618.314,547.729,2099.887,21804.886,13538.236,12578.696
Leicester,2016-09-01T00:00:00Z,1362055.72,125076.313,0.09182907216,1362055.72,70335.415,4033.973,0,29936.553,15172.7,3247.692,2349.98
Liverpool,2016-09-01T00:00:00Z,2174592.045,46907.46,0.02157069419,2174592.045,24792.745,553.22,0,342.131,21219.364,0,0
Cardiff,2016-09-01T00:00:00Z,2097491.264,136904.121,0.06527041297,2097491.264,92304.129,4614.474,0,11217.67,22069.051,5649.745,1049.052
Birmingham,2016-09-01T00:00:00Z,4603642.057,207190.171,0.04500570818,4603642.057,172847.608,4070.076,377.412,12645.413,13620.75,2653.369,975.543
London,2016-07-01T00:00:00Z,25461698.79,1319079.663,0.05180642792,25461698.79,613772.879,95586.227,25499.5,108623.464,293184.864,96186.195,86226.534
Cambridge,2016-07-01T00:00:00Z,919696.843,153244.809,0.1666253507,919696.843,100529.474,2147.158,542.432,2099.887,21804.876,13540.26,12580.722
Leicester,2016-07-01T00:00:00Z,1333217.547,122110.189,0.09159059545,1333217.547,73220.779,4038.648,0,24070.431,15176.21,3247.692,2356.429
Liverpool,2016-07-01T00:00:00Z,2164274.556,46907.461,0.02167352606,2164274.556,24792.745,553.22,0,342.131,21219.365,0,0
Cardiff,2016-07-01T00:00:00Z,2094207.844,135884.082,0.0648856714,2094207.844,91283.373,4614.474,0,11217.67,22069.219,5650.294,1049.052
Birmingham,2016-07-01T00:00:00Z,4600214.993,196968.869,0.04281731817,4600214.993,163110.687,4076.984,377.412,12603.267,13414.679,2410.297,975.543
London,2016-05-01T00:00:00Z,25365621.27,1295436.978,0.05107057951,25365621.27,598225.298,87017.578,25475.583,107143.661,297219.551,95539.649,84815.658
Cambridge,2016-05-01T00:00:00Z,918385.212,152880.396,0.1664665262,918385.212,100884.239,2147.158,542.432,1380.709,21804.876,13540.26,12580.722
Leicester,2016-05-01T00:00:00Z,1325963.188,118288.116,0.08920920058,1325963.188,75235.91,3983.511,0,18409.629,15426.533,3249.113,1983.42
Liverpool,2016-05-01T00:00:00Z,2136393.336,46623.709,0.0218235604,2136393.336,24512.4,553.22,0,342.131,21215.958,0,0
Cardiff,2016-05-01T00:00:00Z,2086176.838,135098.027,0.06475866501,2086176.838,90999.408,4105.448,0,11217.664,22074.667,5651.788,1049.052
Birmingham,2016-05-01T00:00:00Z,4592201.007,172804.927,0.03763008778,4592201.007,145151.125,4076.958,377.412,6048.447,13765.145,2410.297,975.543
London,2016-03-01T00:00:00Z,25260071.93,1287746.121,0.05097951125,25260071.93,593988.093,86306.533,25420.946,104625.749,297533.879,95391.764,84479.157
Cambridge,2016-03-01T00:00:00Z,917400.119,151587.407,0.1652358702,917400.119,100809.214,928.863,542.432,1380.709,21805.207,13540.26,12580.722
Leicester,2016-03-01T00:00:00Z,1305368.587,107781.936,0.0825682011,1305368.587,68164.5,3951.827,0,17339.956,16133.256,1517.037,675.36
Liverpool,2016-03-01T00:00:00Z,2117885.278,46617.589,0.02201138536,2117885.278,24500.819,555.774,0,344.803,21216.193,0,0
Cardiff,2016-03-01T00:00:00Z,2083784.083,134258.74,0.06443025508,2083784.083,90969.389,3322.116,0,11217.664,22065.29,5635.229,1049.052
Birmingham,2016-03-01T00:00:00Z,4585631.045,171490.913,0.03739745115,4585631.045,143839.117,4188.025,377.412,6051.345,13758.84,2410.297,865.877
London,2016-01-01T00:00:00Z,25192433.9,1279592.874,0.05079274512,25192433.9,590960.619,88032.074,25339.864,100865.369,295213.438,94837.997,84343.513
Cambridge,2016-01-01T00:00:00Z,908284.541,151313.569,0.1665926944,908284.541,99942.194,900.409,542.432,1810.245,21997.319,13540.254,12580.716
Leicester,2016-01-01T00:00:00Z,1298233.846,102003.532,0.07857100037,1298233.846,63966.242,3951.731,0,16956.575,15278.803,1469.627,380.554
Liverpool,2016-01-01T00:00:00Z,2095327.54,46618.853,0.02224895732,2095327.54,24502.835,555.774,0,344.803,21215.441,0,0
Cardiff,2016-01-01T00:00:00Z,2078504.578,133512.385,0.06423482845,2078504.578,90391.81,3302.898,0,11217.664,23160.185,4390.776,1049.052
Birmingham,2016-01-01T00:00:00Z,4565522.387,169665.427,0.03716232506,4565522.387,138439.487,4010.704,375.881,9804.338,13758.843,2410.297,865.877
London,2015-11-01T00:00:00Z,25115739.47,1262295.472,0.05025914024,25115739.47,587107.703,84881.481,25270.48,99064.581,290160.179,92966.948,82844.1
Cambridge,2015-11-01T00:00:00Z,908449.1,151329.445,0.1665799933,908449.1,100002.892,900.409,542.432,1642.308,22120.434,13540.254,12580.716
Leicester,2015-11-01T00:00:00Z,1296389.331,98717.156,0.07614776953,1296389.331,62473.587,3951.731,0,16808.099,15334.714,127.931,21.094
Liverpool,2015-11-01T00:00:00Z,2093111.219,46135.931,0.02204179624,2093111.219,24318.227,555.774,0,344.803,20917.127,0,0
Cardiff,2015-11-01T00:00:00Z,2042022.13,139296.577,0.06821501832,2042022.13,87157.797,3931.795,0,5978.623,38199.651,3380.053,648.658
Birmingham,2015-11-01T00:00:00Z,4557973.155,168538.364,0.03697660304,4557973.155,137274.411,4020.852,375.881,9826.52,13805.952,2368.871,865.877
London,2015-09-01T00:00:00Z,24975923.62,1247003.606,0.04992822788,24975923.62,572307.541,79453.162,24158.927,105127.423,290303.893,92906.299,82746.361
Cambridge,2015-09-01T00:00:00Z,904324.639,150960.4,0.1669316454,904324.639,99630.955,900.409,542.432,1642.23,22121.424,13541.244,12581.706
Leicester,2015-09-01T00:00:00Z,1281996.575,95326.564,0.07435789288,1281996.575,59237.889,3951.731,0,16653.203,15334.716,127.931,21.094
Liverpool,2015-09-01T00:00:00Z,2084954.427,46247.958,0.02218175966,2084954.427,24443.348,555.774,0,344.803,20904.033,0,0
Cardiff,2015-09-01T00:00:00Z,2026620.285,139183.887,0.06867783177,2026620.285,85759.039,3750.114,0,6012.638,40744.223,2540.654,377.219
Birmingham,2015-09-01T00:00:00Z,4546708.149,168361.212,0.03702925424,4546708.149,137274.203,4005.739,213.494,9809.549,13823.479,2368.871,865.877
London,2015-07-01T00:00:00Z,24863530.67,1226018.484,0.04930991097,24863530.67,556288.345,78427.503,24086.777,99722.784,291868.352,92645.526,82979.197
Cambridge,2015-07-01T00:00:00Z,903443.789,150266.259,0.1663260745,903443.789,98892.362,900.409,542.432,1809.554,21998.552,13541.244,12581.706
Leicester,2015-07-01T00:00:00Z,1280797.577,92277.544,0.0720469383,1280797.577,58329.819,3951.731,0,16653.238,13193.731,127.931,21.094
Liverpool,2015-07-01T00:00:00Z,2077252.466,46601.598,0.02243424849,2077252.466,24797.372,559.12,0,344.803,20900.303,0,0
Cardiff,2015-07-01T00:00:00Z,2019603.803,140439.323,0.06953805632,2019603.803,85349.085,3085.132,0,6081.119,43099.579,2447.189,377.219
Birmingham,2015-07-01T00:00:00Z,4540281.733,168228.655,0.03705247051,4540281.733,137066.544,4074.369,213.494,9809.549,13835.876,2362.946,865.877
London,2015-05-01T00:00:00Z,24781206.1,1221756.858,0.04930175122,24781206.1,558438.791,73590.33,24086.777,98785.802,291369.447,92558.994,82926.717
Cambridge,2015-05-01T00:00:00Z,902566.029,150653.575,0.1669169569,902566.029,98911.025,823.593,542.432,1876.491,21998.553,13919.774,12581.707
Leicester,2015-05-01T00:00:00Z,1280797.063,92277.544,0.07204696721,1280797.063,58329.819,3951.731,0,16653.238,13193.731,127.931,21.094
Liverpool,2015-05-01T00:00:00Z,2056559.739,46601.163,0.02265976627,2056559.739,24796.441,559.12,0,344.803,20900.799,0,0
Cardiff,2015-05-01T00:00:00Z,2012201.67,139909.598,0.06953060426,2012201.67,83362.985,3085.132,0,6081.119,44555.954,2447.189,377.219
Birmingham,2015-05-01T00:00:00Z,4534319.626,167386.824,0.03691553261,4534319.626,137066.313,3976.638,213.494,9065.68,13835.876,2362.946,865.877
London,2015-03-01T00:00:00Z,24715222.32,1210700.705,0.04898603335,24715222.32,557390.614,72765.991,22935.994,94335.334,289331.517,91350.593,82590.662
Cambridge,2015-03-01T00:00:00Z,900658.739,150434.705,0.1670274195,900658.739,98692.165,823.593,542.432,1876.491,21998.543,13919.774,12581.707
Leicester,2015-03-01T00:00:00Z,1282701.667,92115.366,0.07181355445,1282701.667,58313.067,3951.731,0,16653.244,13048.299,127.931,21.094
Liverpool,2015-03-01T00:00:00Z,2042561.134,46453.488,0.02274276506,2042561.134,24708.203,473.54,0,344.803,20926.942,0,0
Cardiff,2015-03-01T00:00:00Z,1989759.776,139104.352,0.06991012366,1989759.776,82591.33,3085.132,0,6081.119,44522.363,2447.189,377.219
Birmingham,2015-03-01T00:00:00Z,4521931.427,156747.505,0.03466383945,4521931.427,123488.295,3899.511,213.494,12260.585,13694.612,2325.131,865.877
London,2015-01-01T00:00:00Z,24615689.87,1195658.672,0.04857303119,24615689.87,552254.379,71570.921,22935.994,92076.945,285981.188,89182.705,81656.54
Cambridge,2015-01-01T00:00:00Z,899898.075,150216.302,0.1669259066,899898.075,99930.881,834.074,540.352,411.003,21998.511,13919.774,12581.707
Leicester,2015-01-01T00:00:00Z,1277009.47,91884.833,0.0719531336,1277009.47,58172.813,4248.889,0,16654.779,12659.327,127.931,21.094
Liverpool,2015-01-01T00:00:00Z,2027677.076,46460.301,0.02291306715,2027677.076,24708.637,473.54,0,344.803,20933.321,0,0
Cardiff,2015-01-01T00:00:00Z,1958946.571,134774.099,0.06879927252,1958946.571,70459.97,3226.695,0,8390.934,49872.376,2446.905,377.219
Birmingham,2015-01-01T00:00:00Z,4511949.724,156717.927,0.03473397014,4511949.724,123422.917,3935.311,213.494,12260.585,13694.612,2325.131,865.877
London,2014-11-01T00:00:00Z,24491022.15,1174878.09,0.04797178668,24491022.15,546994.896,70558.568,22880.989,89386.141,275969.688,88247.102,80840.706
Cambridge,2014-11-01T00:00:00Z,898712.132,149738.94,0.1666150202,898712.132,99453.552,834.074,540.352,411.003,21998.478,13919.774,12581.707
Leicester,2014-11-01T00:00:00Z,1271245.872,91606.468,0.07206038581,1271245.872,58093.145,4166.653,0,16654.779,12542.866,127.931,21.094
Liverpool,2014-11-01T00:00:00Z,2022967.613,43002.225,0.02125700121,2022967.613,23919.542,400.929,0,344.803,18336.951,0,0
Cardiff,2014-11-01T00:00:00Z,1944384.98,122611.029,0.06305902908,1944384.98,56073.104,3343.787,0,8712.241,51618.881,2485.797,377.219
Birmingham,2014-11-01T00:00:00Z,4501660.045,155225.869,0.03448191721,4501660.045,122482.633,3957.278,213.494,12260.608,13120.848,2325.131,865.877
London,2014-09-01T00:00:00Z,24391604.56,1160593.784,0.04758169071,24391604.56,539315.497,70240.063,22873.926,89176.077,273608.436,86296.081,79083.704
Cambridge,2014-09-01T00:00:00Z,897261.604,150198.973,0.1673970806,897261.604,100031.315,834.074,442.034,411.003,21990.4,13914.107,12576.04
Leicester,2014-09-01T00:00:00Z,1268362.533,90501.537,0.07135305139,1268362.533,57808.752,4166.653,0,16654.78,11722.327,127.931,21.094
Liverpool,2014-09-01T00:00:00Z,1970176.796,42987.315,0.02181901395,1970176.796,23904.527,400.929,0,344.803,18337.056,0,0
Cardiff,2014-09-01T00:00:00Z,1893728.317,121192.571,0.06399680984,1893728.317,56375.752,2335.359,0,8301.007,51317.437,2485.797,377.219
Birmingham,2014-09-01T00:00:00Z,4497133.319,155225.335,0.03451650729,4497133.319,122482.099,3957.278,213.494,12260.608,13120.848,2325.131,865.877
London,2014-07-01T00:00:00Z,24294407.85,1125391.247,0.04632305731,24294407.85,533606.602,69112.279,22860.235,83160.801,265082.569,79336.208,72232.553
Cambridge,2014-07-01T00:00:00Z,898267.692,152163.642,0.169396766,898267.692,102362.365,834.074,442.034,124.652,21910.982,13913.801,12575.734
Leicester,2014-07-01T00:00:00Z,1266134.563,89687.207,0.07083544642,1266134.563,57666.057,3805.505,0,16654.78,11411.84,127.931,21.094
Liverpool,2014-07-01T00:00:00Z,1940559.475,42955.094,0.02213541742,1940559.475,23884.225,384.351,0,344.803,18341.715,0,0
Cardiff,2014-07-01T00:00:00Z,1888478.579,120735.519,0.06393269182,1888478.579,55974.566,2282.35,0,8299.749,51315.838,2485.797,377.219
Birmingham,2014-07-01T00:00:00Z,4486262.664,152218.007,0.03392980269,4486262.664,119538.255,3942.623,213.494,12211.779,13120.848,2325.131,865.877
London,2014-05-01T00:00:00Z,24191212.35,1115178.094,0.04609847898,24191212.35,529110.861,67333.43,22860.235,83012.768,262388.023,79065.864,71406.913
Cambridge,2014-05-01T00:00:00Z,896161.263,152383.209,0.1700399418,896161.263,102581.87,834.074,442.034,124.652,21911.044,13913.801,12575.734
Leicester,2014-05-01T00:00:00Z,1261686.467,88007.36,0.0697537481,1261686.467,57762.727,3858.603,0,16654.78,9582.225,127.931,21.094
Liverpool,2014-05-01T00:00:00Z,1932903.96,40261.637,0.0208296107,1932903.96,23380.773,384.351,0,344.803,16151.71,0,0
Cardiff,2014-05-01T00:00:00Z,1882427.383,119668.149,0.06357119009,1882427.383,55473.832,1783.289,0,8270.815,51277.197,2485.797,377.219
Birmingham,2014-05-01T00:00:00Z,4477832.732,152189.522,0.03398731733,4477832.732,119519.288,3942.623,213.494,12185.731,13137.378,2325.131,865.877
London,2014-03-01T00:00:00Z,24053619.55,1073978.7,0.04464935923,24053619.55,518622.985,63767.77,17761.261,64625.84,260403.583,78160.722,70636.539
Cambridge,2014-03-01T00:00:00Z,883843.637,150771.131,0.1705857515,883843.637,101725.088,500.46,442.034,124.652,21489.262,13913.851,12575.784
Leicester,2014-03-01T00:00:00Z,1246237.607,87120.821,0.0699070711,1246237.607,56569.588,4326.709,0,16654.581,9420.918,127.931,21.094
Liverpool,2014-03-01T00:00:00Z,1899835.678,40002.085,0.02105554994,1899835.678,23240.824,258.992,0,344.803,16157.466,0,0
Cardiff,2014-03-01T00:00:00Z,1870320.918,119668.15,0.06398268278,1870320.918,55473.832,1783.289,0,8270.815,51277.198,2485.797,377.219
Birmingham,2014-03-01T00:00:00Z,4463436.2,151309.566,0.03389979362,4463436.2,119497.926,3942.624,213.494,11326.701,13137.813,2325.131,865.877
London,2014-01-01T00:00:00Z,23938725.96,1060931.94,0.04431864677,23938725.96,510261.945,63368.616,15780.343,64688.431,259163.003,77606.616,70062.986
Cambridge,2014-01-01T00:00:00Z,881217.795,150485.353,0.1707697619,881217.795,101487.985,500.46,442.034,75.129,21489.187,13914.312,12576.246
Leicester,2014-01-01T00:00:00Z,1244793.86,92585.723,0.07437835771,1244793.86,65295.855,3532.064,0,15265.076,7866.904,573.583,52.241
Liverpool,2014-01-01T00:00:00Z,1893623.307,40001.653,0.02112439832,1893623.307,23240.392,258.992,0,344.803,16157.466,0,0
Cardiff,2014-01-01T00:00:00Z,1837956.931,76641.867,0.04169949018,1837956.931,48179.789,1783.289,0,8209.622,17522.722,946.445,0
Birmingham,2014-01-01T00:00:00Z,4434704.59,147287.003,0.03321235947,4434704.59,119549.215,3687.413,213.494,7508.033,13137.84,2325.131,865.877
London,2013-11-01T00:00:00Z,23836545.62,1021649.607,0.04286064027,23836545.62,510548.569,46480.128,8729.439,64550.807,254547.332,71697.66,65095.672
Cambridge,2013-11-01T00:00:00Z,876466.845,149962.755,0.171099176,876466.845,101640.247,496.012,442.034,60.385,20833.526,13914.309,12576.242
Leicester,2013-11-01T00:00:00Z,1238740.139,90622.552,0.07315703201,1238740.139,65263.728,1601.02,0,15265.076,7866.904,573.583,52.241
Liverpool,2013-11-01T00:00:00Z,1890244.198,38827.007,0.02054073598,1890244.198,22176.464,258.992,0,344.645,16046.906,0,0
Cardiff,2013-11-01T00:00:00Z,1791070.157,75023.122,0.0418873162,1791070.157,48167.629,1780.776,0,8209.622,15918.65,946.445,0
Birmingham,2013-11-01T00:00:00Z,4430064.973,174943.804,0.03949012149,4430064.973,147044.573,3926.372,287.85,7395.9,13098.101,2325.131,865.877
London,2013-09-01T00:00:00Z,23710117.39,1008622.765,0.0425397626,23710117.39,510550.81,42341.808,6033.158,64443.565,247871.009,71306.737,66075.678
Cambridge,2013-09-01T00:00:00Z,873089.034,149863.944,0.1716479513,873089.034,101620.204,496.012,364.646,60.385,20834.983,13911.638,12576.076
Leicester,2013-09-01T00:00:00Z,1238065.514,89393.25,0.07220397385,1238065.514,65218.927,1452.482,0,15258.867,7251.655,159.078,52.241
Liverpool,2013-09-01T00:00:00Z,1889242.334,36384.843,0.01925896024,1889242.334,21847.656,258.992,0,344.645,13933.55,0,0
Cardiff,2013-09-01T00:00:00Z,1778870.172,69507.396,0.03907390044,1778870.172,44477.929,1807.594,0,8209.622,14065.806,946.445,0
Birmingham,2013-09-01T00:00:00Z,4405045.733,172680.881,0.03920070107,4405045.733,145824.968,3613.792,113.622,6839.39,13098.101,2325.131,865.877
London,2013-07-01T00:00:00Z,23586975.56,981185.309,0.04159860625,23586975.56,499777.542,37895.903,6024.198,58475.336,245714.97,69463.364,63833.996
Cambridge,2013-07-01T00:00:00Z,868958.957,150680.2,0.1734031266,868958.957,102641.687,496.012,364.646,60.385,20629.818,13911.607,12576.045
Leicester,2013-07-01T00:00:00Z,1232524.96,89343.869,0.07248848656,1232524.96,65288.165,1388.2,0,15256.771,7303.896,106.837,0
Liverpool,2013-07-01T00:00:00Z,1886227.556,36382.449,0.01928847285,1886227.556,25141.653,258.992,0,344.645,10637.159,0,0
Cardiff,2013-07-01T00:00:00Z,1769361.291,63431.551,0.03584997102,1769361.291,41887.376,1795.995,0,8209.622,10600.052,938.506,0
Birmingham,2013-07-01T00:00:00Z,4364555.632,156355.46,0.03582391271,4364555.632,136862.931,3372.836,180.428,8492.379,7446.886,0,0
London,2013-05-01T00:00:00Z,23348120.68,957508.928,0.04101010704,23348120.68,490851.481,35766.706,6024.198,53045.485,239811.24,69273.458,62736.36
Cambridge,2013-05-01T00:00:00Z,854843.764,148056.388,0.1731970147,854843.764,100009.279,496.012,364.646,60.385,20638.624,13911.627,12575.815
Leicester,2013-05-01T00:00:00Z,1226872.702,89348.631,0.07282632571,1226872.702,65288.165,1388.2,0,15261.533,7303.896,106.837,0
Liverpool,2013-05-01T00:00:00Z,1882156.604,36382.999,0.01933048447,1882156.604,25142.203,258.992,0,344.645,10637.159,0,0
Cardiff,2013-05-01T00:00:00Z,1756333.485,58510.175,0.03331381853,1756333.485,40991.162,1790.928,0,7963.09,6826.49,938.505,0
Birmingham,2013-05-01T00:00:00Z,4349824.551,152111.612,0.0349695971,4349824.551,133386.353,3254.031,180.428,7843.916,7446.884,0,0
London,2013-03-01T00:00:00Z,23173037.88,944113.183,0.04074188234,23173037.88,483709.915,33276.424,6193.808,52680.52,236287.411,69171.423,62793.682
Cambridge,2013-03-01T00:00:00Z,844375.199,145863.55,0.1727473168,844375.199,97833.354,493.599,364.646,60.385,20623.245,13912.512,12575.809
Leicester,2013-03-01T00:00:00Z,1220655.067,89409.208,0.07324690686,1220655.067,65249.435,1388.2,0,15326.179,7338.557,106.837,0
Liverpool,2013-03-01T00:00:00Z,1835411.313,36657.539,0.01997238371,1835411.313,25270.804,258.992,0,344.645,10783.098,0,0
Cardiff,2013-03-01T00:00:00Z,1720880.146,47178.38,0.02741526196,1720880.146,29670.449,1790.928,0,8275.738,6502.76,938.505,0
Birmingham,2013-03-01T00:00:00Z,4335205.277,148547.504,0.03426539103,4335205.277,130372.623,2698.842,180.428,7848.617,7446.994,0,0
London,2013-01-01T00:00:00Z,22807471.67,918316.66,0.04026385183,22807471.67,471501.733,34120.829,6272.96,50752.3,231033.659,66140.432,58494.747
Cambridge,2013-01-01T00:00:00Z,844209.947,145666.707,0.1725479634,844209.947,97877.202,359.632,364.646,18.249,20603.441,13887.548,12555.989
Leicester,2013-01-01T00:00:00Z,1186079.784,89401.9,0.07537595801,1186079.784,65233.554,1388.2,0,15326.489,7346.82,106.837,0
Liverpool,2013-01-01T00:00:00Z,1821150.667,36577.839,0.02008501529,1821150.667,25274.535,258.993,0,261.152,10783.159,0,0
Cardiff,2013-01-01T00:00:00Z,1718108.083,47169.528,0.02745434264,1718108.083,29670.449,1782.076,0,8275.738,6502.76,938.505,0
Birmingham,2013-01-01T00:00:00Z,4315769.948,141741.131,0.03284260577,4315769.948,123649.45,2616.419,180.428,7845.674,7449.16,0,0
London,2012-11-01T00:00:00Z,22605993.32,887152.161,0.03924411321,22605993.32,464919.965,31124.468,6196.177,50098.371,219191.429,61130.202,54491.549
Cambridge,2012-11-01T00:00:00Z,841050.558,145597.919,0.173114348,841050.558,97809.281,359.632,364.646,18.249,20602.37,13887.65,12556.091
Leicester,2012-11-01T00:00:00Z,1175389.973,89402.723,0.07606217941,1175389.973,65278.409,1344.168,0,15326.489,7346.82,106.837,0
Liverpool,2012-11-01T00:00:00Z,1805777.042,36544.414,0.02023750062,1805777.042,25202.352,297.751,0,261.152,10783.159,0,0
Cardiff,2012-11-01T00:00:00Z,1711231.689,47170.544,0.02756525858,1711231.689,29678.481,1775.566,0,8275.232,6502.76,938.505,0
Birmingham,2012-11-01T00:00:00Z,4290544.752,142415.863,0.03319295596,4290544.752,124478.544,2642.216,180.428,7635.389,7479.286,0,0
London,2012-09-01T00:00:00Z,22121212.75,837055.369,0.0378394882,22121212.75,456381.331,27171.763,6653.696,48282.183,211444.276,46063.369,41058.751
Cambridge,2012-09-01T00:00:00Z,829617.044,140343.558,0.1691666764,829617.044,96697.442,359.632,364.646,18.249,18543.767,13163.784,11196.038
Leicester,2012-09-01T00:00:00Z,1164792.528,90252.813,0.07748402469,1164792.528,60488.672,923.252,0,21272.589,7461.463,106.837,0
Liverpool,2012-09-01T00:00:00Z,1784479.901,36244.827,0.02031114331,1784479.901,25457.058,175.447,0,261.152,10351.17,0,0
Cardiff,2012-09-01T00:00:00Z,1685892.131,41680.636,0.02472319268,1685892.131,26615.484,1027.256,0,7776.688,5386.62,874.588,0
Birmingham,2012-09-01T00:00:00Z,4263457.927,139908.216,0.03281566709,4263457.927,122782.16,1831.861,180.428,7635.389,7478.378,0,0
London,2012-07-01T00:00:00Z,20105572.06,711255.358,0.03537603187,20105572.06,391110.01,19875.819,5738.29,40926.25,181764.34,38114.973,33725.676
Cambridge,2012-07-01T00:00:00Z,713845.077,105033.689,0.1471379328,713845.077,75679.701,359.632,364.646,11.708,14011.942,8012.632,6593.428
Leicester,2012-07-01T00:00:00Z,1046390.652,80877.852,0.07729221572,1046390.652,55521.455,923.252,0,18586.243,5740.065,106.837,0
Liverpool,2012-07-01T00:00:00Z,1733523.982,35085.56,0.0202394431,1733523.982,25457.058,41.333,0,261.152,9326.017,0,0
Cardiff,2012-07-01T00:00:00Z,1576585.187,33693.568,0.02137123213,1576585.187,18838.33,817.342,0,7776.688,5386.62,874.588,0
Birmingham,2012-07-01T00:00:00Z,3959076.342,128210.391,0.03238391481,3959076.342,111380.407,1599.271,166.046,7635.389,7429.278,0,0
London,2012-05-01T00:00:00Z,18457632.77,453469.182,0.02456811161,18457632.77,249342.559,17747.361,457.294,36663.121,147482.115,1213.347,563.385
Cambridge,2012-05-01T00:00:00Z,578705.322,55450.635,0.09581842933,578705.322,47720.908,302.553,0,11.708,6905.945,392.215,117.306
Leicester,2012-05-01T00:00:00Z,820023.338,45980.857,0.05607261997,820023.338,27868.208,481.939,0,12863.789,4766.921,0,0
Liverpool,2012-05-01T00:00:00Z,1666120.379,27572.177,0.01654873042,1666120.379,19510.578,37.232,0,261.152,7763.215,0,0
Cardiff,2012-05-01T00:00:00Z,1556300.011,33152.641,0.02130221729,1556300.011,18792.437,322.308,0,7776.688,5386.62,874.588,0
Birmingham,2012-05-01T00:00:00Z,3670881.182,109790.865,0.02990858586,3670881.182,95331.485,1466.166,155.749,7635.389,5202.076,0,0
London,2012-03-01T00:00:00Z,16718943.34,382493.039,0.02287782375,16718943.34,209915.305,14293.089,160.44,34626.129,122035.004,1003.871,459.201
Cambridge,2012-03-01T00:00:00Z,522225.43,43608.587,0.08350529196,522225.43,36304.005,302.553,0,0,6700.535,184.188,117.306
Leicester,2012-03-01T00:00:00Z,656305.684,31105.829,0.0473953369,656305.684,20747.719,0,0,8232.414,2125.696,0,0
Liverpool,2012-03-01T00:00:00Z,1458209.151,23767.012,0.01629876756,1458209.151,18247.845,37.232,0,0,5481.935,0,0
Cardiff,2012-03-01T00:00:00Z,1517766.786,31752.407,0.02092047823,1517766.786,17392.203,322.308,0,7776.688,5386.62,874.588,0
Birmingham,2012-03-01T00:00:00Z,3429964.121,100605.957,0.02933148962,3429964.121,90615.732,1466.166,155.749,3867.731,4500.579,0,0
London,2012-01-01T00:00:00Z,15657549.84,326491.251,0.02085200139,15657549.84,183208.229,11212.823,160.44,27961.282,102694.631,840.646,413.2
Cambridge,2012-01-01T00:00:00Z,431208.726,35792.048,0.08300399747,431208.726,29748.441,302.553,0,0,5439.56,184.188,117.306
Leicester,2012-01-01T00:00:00Z,633615.524,26188.967,0.04133258421,633615.524,15830.857,0,0,8232.414,2125.696,0,0
Liverpool,2012-01-01T00:00:00Z,1448787.525,23767.012,0.01640476025,1448787.525,18247.845,37.232,0,0,5481.935,0,0
Cardiff,2012-01-01T00:00:00Z,1396104.875,30592.334,0.02191263318,1396104.875,16977.638,322.308,0,7743.683,4674.117,874.588,0
Birmingham,2012-01-01T00:00:00Z,3139967.253,86400.306,0.02751630799,3139967.253,76978.915,1466.166,155.749,3533.577,4265.899,0,0